username,title,user_rating,year
barisinan,Eastern Cross,7.0,1991
barisinan,Don't Let Them Shoot the Kite,8.0,1989
barisinan,Come and See,9.0,1985
barisinan,There Will Be Blood,9.0,2007
barisinan,Serpico,9.0,1973
barisinan,Dog Day Afternoon,9.0,1975
barisinan,Eyes Wide Shut,9.0,1999
barisinan,12 Angry Men,9.0,1957
barisinan,"The Good, the Bad and the Ugly",9.0,1966
barisinan,The Shining,9.0,1980
barisinan,Hour of the Wolf,8.0,1968
barisinan,Top Secret!,8.0,1984
barisinan,"Crazy, Stupid, Love.",8.0,2011
barisinan,Monty Python and the Holy Grail,8.0,1975
barisinan,Airplane!,6.0,1980
barisinan,The Chaos Class Failed the Class,6.0,1975
barisinan,The Chaos Class,6.0,1975
barisinan,Sakar Şakir,7.0,1977
barisinan,Tosun Pasha,7.0,1976
barisinan,The Foster Brothers,7.0,1976
barisinan,Somersault in a Coffin,8.0,1996
barisinan,The Broken Landlord,9.0,1985
barisinan,Mr. Muhsin,9.0,1987
barisinan,The Bandit,9.0,1996
barisinan,Vizontele,8.0,2001
barisinan,Berserk,6.0,1997
barisinan,La Haine,9.0,1995
barisinan,Casino,8.0,1995
barisinan,Heat,9.0,1995
barisinan,The Dark Knight,9.0,2008
barisinan,Once Upon a Time in America,9.0,1984
barisinan,Scent of a Woman,9.0,1992
barisinan,GoodFellas,9.0,1990
barisinan,Scarface,9.0,1983
barisinan,Taxi Driver,9.0,1976
barisinan,One Flew Over the Cuckoo's Nest,9.0,1975
barisinan,Apocalypse Now,9.0,1979
barisinan,The Godfather,10.0,1972
barisinan,The Seventh Seal,8.0,1957
barisinan,Aftersun,9.0,2022
barisinan,The Godfather Part II,10.0,1974
cobbb,In the Grey,5.0,2026
cobbb,Billie Eilish — Hit Me Hard and Soft: The Tour (Live in 3D),10.0,2026
cobbb,Is God Is,7.0,2026
cobbb,Mortal Kombat II,3.0,2026
cobbb,Swapped,8.0,2026
cobbb,Apex,4.0,2026
cobbb,The Devil Wears Prada 2,9.0,2026
cobbb,The Sheep Detectives,9.0,2026
cobbb,Roommates,6.0,2026
cobbb,Deep Water,3.0,2026
cobbb,Michael,3.0,2026
cobbb,Thrash,2.0,2026
cobbb,Mother Mary,8.0,2026
cobbb,"You, Me & Tuscany",6.0,2026
cobbb,Lee Cronin's The Mummy,7.0,2026
cobbb,Outcome,2.0,2026
cobbb,Faces of Death,9.0,2026
cobbb,The Yeti,3.0,2026
cobbb,The Super Mario Galaxy Movie,5.0,2026
cobbb,Something Very Bad Is Going to Happen,8.0,2026
cobbb,Hannah Montana 20th Anniversary Special,8.0,2026
cobbb,Do Not Enter,1.0,2026
cobbb,The Drama,9.0,2026
cobbb,They Will Kill You,8.0,2026
cobbb,Noah Kahan: Out of Body,9.0,2026
cobbb,Forbidden Fruits,10.0,2026
cobbb,Chili Finger,8.0,2026
cobbb,Mike & Nick & Nick & Alice,5.0,2026
cobbb,Sender,2.0,2026
cobbb,American Dollhouse,5.0,2026
cobbb,Hokum,9.0,2026
cobbb,Over Your Dead Body,8.0,2026
cobbb,Never After Dark,7.0,2026
cobbb,Drag,5.0,2026
cobbb,Pizza Movie,6.0,2026
cobbb,Family Movie,5.0,2026
cobbb,Pretty Lethal,6.0,2026
cobbb,Ready or Not 2: Here I Come,10.0,2026
cobbb,Wishful Thinking,8.0,2026
cobbb,Seekers of Infinite Love,8.0,2026
cobbb,Monitor,8.0,2026
cobbb,I Love Boosters,8.0,2026
cobbb,Fifteen,3.0,2026
cobbb,Say Less,8.0,2026
cobbb,Death Cycle,2.0,2026
cobbb,Project Hail Mary,10.0,2026
cobbb,Reminders of Him,3.0,2026
cobbb,Peaky Blinders: The Immortal Man,9.0,2026
cobbb,Power Ballad,8.0,2026
cobbb,Chris Fleming: Live at The Palace,8.0,2026
cobbb,The Bride!,7.0,2026
cobbb,Scream 7,1.0,2026
cobbb,Hoppers,8.0,2026
cobbb,The Dreadful,2.0,2026
cobbb,Psycho Killer,5.0,2026
cobbb,The Bluff,4.0,2026
cobbb,How to Make a Killing,8.0,2026
cobbb,The Mortuary Assistant,1.0,2026
cobbb,GOAT,6.0,2026
cobbb,Twisted,4.0,2026
cobbb,The Strangers: Chapter 3,1.0,2026
cobbb,Gale: Yellow Brick Road,1.0,2026
cobbb,The Muppet Show,8.0,2026
cobbb,Resident Evil Requiem: Evil Has Always Had a Name,6.0,2026
cobbb,Iron Lung,6.0,2026
cobbb,Wuthering Heights,5.0,2026
cobbb,Shelter,4.0,2026
cobbb,Crime 101,8.0,2026
cobbb,The Wrecking Crew,5.0,2026
cobbb,See You When I See You,6.0,2026
cobbb,In the Blink of an Eye,2.0,2026
cobbb,Chasing Summer,7.0,2026
cobbb,Get Out,10.0,2017
cobbb,The Shining,10.0,1980
cobbb,Hereditary,10.0,2018
cobbb,Alien,10.0,1979
cobbb,The Witch,10.0,2015
cobbb,Jaws,10.0,1975
cobbb,Scream,10.0,1996
cobbb,The Thing,10.0,1982
cobbb,Halloween,10.0,1978
cobbb,Jennifer's Body,10.0,2009
cobbb,X,10.0,2022
cobbb,The Cabin in the Woods,10.0,2011
cobbb,Ready or Not,10.0,2019
cobbb,World War Z,4.0,2013
cobbb,Saw,10.0,2004
cobbb,Green Room,10.0,2015
cobbb,The Fly,10.0,1986
cobbb,Old,1.0,2021
cobbb,The Purge,6.0,2013
cobbb,Poltergeist,8.0,1982
cobbb,The Others,8.0,2001
cobbb,An American Werewolf in London,10.0,1981
cobbb,The Lost Boys,10.0,1987
cobbb,Final Destination,8.0,2000
cobbb,The Mist,8.0,2007
cobbb,Paranormal Activity,6.0,2007
cobbb,The Visit,3.0,2015
cobbb,Vivarium,2.0,2019
cobbb,Dawn of the Dead,10.0,1978
cobbb,[REC],10.0,2007
cobbb,Martyrs,10.0,2008
cobbb,Black Christmas,10.0,1974
cobbb,Halloween II,8.0,1981
cobbb,Brightburn,5.0,2019
cobbb,Dawn of the Dead,8.0,2004
cobbb,The Omen,10.0,1976
cobbb,Invasion of the Body Snatchers,10.0,1978
cobbb,Annabelle Comes Home,2.0,2019
cobbb,Oculus,8.0,2013
cobbb,The Purge: Election Year,5.0,2016
cobbb,Friday the 13th Part 2,7.0,1981
cobbb,Halloween,7.0,2007
cobbb,The First Purge,4.0,2018
cobbb,Day of the Dead,8.0,1985
cobbb,A Nightmare on Elm Street,1.0,2010
cobbb,The Texas Chainsaw Massacre 2,8.0,1986
cobbb,The Rental,6.0,2020
cobbb,Child's Play 2,10.0,1990
cobbb,The Texas Chainsaw Massacre,10.0,2003
cobbb,Henry: Portrait of a Serial Killer,7.0,1986
cobbb,Halloween 5: The Revenge of Michael Myers,4.0,1989
cobbb,The Exorcism of Emily Rose,7.0,2005
cobbb,Friday the 13th Part VIII: Jason Takes Manhattan,4.0,1989
cobbb,Come to Daddy,7.0,2019
cobbb,Halloween: The Curse of Michael Myers,3.0,1995
cobbb,Halloween: Resurrection,1.0,2002
cobbb,Friday the 13th Part VII - The New Blood,5.0,1988
cobbb,Mayhem,8.0,2017
cobbb,A Nightmare on Elm Street: The Dream Child,3.0,1989
cobbb,Wrong Turn,4.0,2003
cobbb,Curse of Chucky,7.0,2013
cobbb,The Collector,9.0,2009
cobbb,The Bye Bye Man,1.0,2017
cobbb,Flatliners,8.0,1990
cobbb,Daniel Isn't Real,8.0,2019
cobbb,Dog Soldiers,10.0,2002
cobbb,Pumpkinhead,7.0,1988
cobbb,The Devil's Candy,7.0,2015
cobbb,Maximum Overdrive,6.0,1986
cobbb,Bride of Re-Animator,7.0,1990
cobbb,The Return of the Texas Chainsaw Massacre,3.0,1995
davegilmour,La Haine,10.0,1995
davegilmour,Time to Love,9.0,1965
davegilmour,Rocky,8.0,1976
davegilmour,Marty Supreme,9.0,2025
davegilmour,One Battle After Another,10.0,2025
davegilmour,The Bandit,9.0,1996
davegilmour,Flightplan,8.0,2005
davegilmour,Hamilton,10.0,2020
davegilmour,Corpse Bride,9.0,2005
davegilmour,Boogie Nights,10.0,1997
davegilmour,Still Alice,8.0,2014
davegilmour,Her,9.0,2013
davegilmour,Licorice Pizza,10.0,2021
davegilmour,"Three Billboards Outside Ebbing, Missouri",9.0,2017
davegilmour,The Matrix Resurrections,10.0,2021
davegilmour,Cars,10.0,2006
davegilmour,The Social Network,8.0,2010
davegilmour,"tick, tick... BOOM!",8.0,2021
davegilmour,Dune,9.0,2021
davegilmour,Punch-Drunk Love,9.0,2002
davegilmour,There Will Be Blood,10.0,2007
davegilmour,The Perks of Being a Wallflower,8.0,2012
davegilmour,Arrival,9.0,2016
davegilmour,My Neighbor Totoro,10.0,1988
davegilmour,Edward Scissorhands,8.0,1990
davegilmour,The Devil Wears Prada,8.0,2006
davegilmour,Moneyball,9.0,2011
davegilmour,1917,8.0,2019
davegilmour,The Breakfast Club,10.0,1985
davegilmour,Fried Green Tomatoes,10.0,1991
davegilmour,Lady Bird,9.0,2017
davegilmour,Magnolia,9.0,1999
davegilmour,Taste of Cherry,9.0,1997
davegilmour,Certified Copy,9.0,2010
davegilmour,10 Things I Hate About You,7.0,1999
davegilmour,American Beauty,9.0,1999
davegilmour,The Apartment,10.0,1960
davegilmour,Moonrise Kingdom,10.0,2012
davegilmour,"Good Morning, Vietnam",8.0,1987
davegilmour,In the Mood for Love,10.0,2000
davegilmour,Inside Llewyn Davis,9.0,2013
davegilmour,Faces Places,9.0,2017
davegilmour,Thelma & Louise,8.0,1991
davegilmour,Dirty Dancing,7.0,1987
davegilmour,Schindler's List,10.0,1993
davegilmour,Singin' in the Rain,10.0,1952
davegilmour,Three Monkeys,10.0,2008
davegilmour,Taxi Driver,10.0,1976
davegilmour,Good Will Hunting,10.0,1997
davegilmour,Three Colours: White,10.0,1994
davegilmour,Breakfast at Tiffany's,9.0,1961
davegilmour,Manchester by the Sea,9.0,2016
davegilmour,Silver Linings Playbook,9.0,2012
davegilmour,The King of Comedy,9.0,1982
davegilmour,Nomadland,9.0,2020
davegilmour,Minari,9.0,2020
davegilmour,Little Women,9.0,2019
davegilmour,Big Fish,10.0,2003
davegilmour,12 Angry Men,10.0,1957
davegilmour,The Favourite,9.0,2018
davegilmour,Vagabond,10.0,1985
davegilmour,Vivre Sa Vie,9.0,1962
davegilmour,Broken,7.0,2012
davegilmour,Le Bonheur,10.0,1965
davegilmour,Lost in Translation,10.0,2003
davegilmour,Titanic,10.0,1997
davegilmour,The Double Life of Véronique,10.0,1991
davegilmour,Three Colours: Blue,10.0,1993
davegilmour,Meet Joe Black,8.0,1998
ecetunc,Sentimental Value,9.0,2025
ecetunc,Thelma & Louise,8.0,1991
ecetunc,Hamnet,9.0,2025
ecetunc,Time to Love,9.0,1965
ecetunc,Suddenly,7.0,2022
ecetunc,Get Out,8.0,2017
ecetunc,mother!,8.0,2017
ecetunc,The Whale,8.0,2022
ecetunc,One Battle After Another,10.0,2025
ecetunc,Petite Maman,10.0,2021
ecetunc,Us,8.0,2019
ecetunc,Portrait of a Lady on Fire,10.0,2019
ecetunc,Inside Out 2,10.0,2024
ecetunc,The Favourite,8.0,2018
ecetunc,Poor Things,9.0,2023
ecetunc,Midsommar,8.0,2019
ecetunc,Primal Fear,10.0,1996
ecetunc,The Girl with the Red Scarf,10.0,1977
ecetunc,Certified Copy,10.0,2010
ecetunc,Caché,10.0,2005
ecetunc,The Children's Hour,8.0,1961
ecetunc,Chocolat,7.0,2000
ecetunc,The Double Life of Véronique,10.0,1991
ecetunc,In the Mood for Love,10.0,2000
ecetunc,The Lobster,9.0,2015
ecetunc,Punch-Drunk Love,9.0,2002
ecetunc,Licorice Pizza,10.0,2021
ecetunc,The Perks of Being a Wallflower,9.0,2012
ecetunc,Three Colours: Red,10.0,1994
ecetunc,Three Colours: White,10.0,1994
ecetunc,Big Eyes,7.0,2014
ecetunc,Dirty Dancing,8.0,1987
ecetunc,The Secret Life of Walter Mitty,7.0,2013
ecetunc,The Man Who Knew Too Much,7.0,1956
ecetunc,Breakfast at Tiffany's,8.0,1961
ecetunc,Grease,8.0,1978
ecetunc,The Breakfast Club,10.0,1985
ecetunc,My Girl,8.0,1991
ecetunc,Seven Years in Tibet,10.0,1997
ecetunc,Big Fish,10.0,2003
ecetunc,Room,10.0,2015
ecetunc,Lady Bird,7.0,2017
ecetunc,"Three Billboards Outside Ebbing, Missouri",10.0,2017
ecetunc,Vagabond,10.0,1985
ecetunc,Three Colours: Blue,10.0,1993
ecetunc,Le Bonheur,10.0,1965
ecetunc,Little Women,9.0,2019
ecetunc,When Harry Met Sally...,8.0,1989
ecetunc,Frances Ha,9.0,2012
ecetunc,Eyes Wide Shut,10.0,1999
ecetunc,Taxi Driver,10.0,1976
ecetunc,Butterflies,8.0,2018
ecetunc,Fried Green Tomatoes,10.0,1991
ecetunc,Beauty and the Beast,10.0,1991
ecetunc,Titanic,10.0,1997
ecetunc,Meet Joe Black,10.0,1998
ecetunc,Flipped,10.0,2010
erenergani,People We Meet on Vacation,7.0,2026
erenergani,Frankenstein,7.0,2025
erenergani,Nosferatu,8.0,2024
erenergani,The Brutalist,8.0,2024
erenergani,Nickel Boys,6.0,2024
erenergani,Anyone But You,6.0,2023
erenergani,Saltburn,5.0,2023
erenergani,Oppenheimer,8.0,2023
erenergani,Barbie,7.0,2023
erenergani,Spider-Man: Across the Spider-Verse,7.0,2023
erenergani,Killers of the Flower Moon,6.0,2023
erenergani,Murder Mystery 2,7.0,2023
erenergani,Daniel Sloss: Socio,8.0,2022
erenergani,Star Wars: Tales of the Jedi,9.0,2022
erenergani,Obi-Wan Kenobi,7.0,2022
erenergani,The Book of Boba Fett,8.0,2021
erenergani,Spider-Man: No Way Home,7.0,2021
erenergani,Unfriended: Off-Line,7.0,2021
erenergani,House of Gucci,5.0,2021
erenergani,Red Notice,6.0,2021
erenergani,We're All Going to the World's Fair,7.0,2021
erenergani,Palm Springs,8.0,2020
erenergani,Star Wars: The Rise of Skywalker,8.0,2019
erenergani,The Gentlemen,8.0,2019
erenergani,Daniel Sloss: X,8.0,2019
erenergani,Countdown,6.0,2019
erenergani,The Irishman,7.0,2019
erenergani,Joker,7.0,2019
erenergani,It Chapter Two,7.0,2019
erenergani,Murder Mystery,7.0,2019
erenergani,John Wick: Chapter 3 – Parabellum,8.0,2019
erenergani,Happy Death Day 2U,6.0,2019
erenergani,Escape Room,8.0,2019
erenergani,Daniel Sloss: Live Shows,8.0,2018
erenergani,The Meg,4.0,2018
erenergani,Solo: A Star Wars Story,8.0,2018
erenergani,Truth or Dare,6.0,2018
erenergani,Ready Player One,4.0,2018
erenergani,Unfriended: Dark Web,8.0,2018
erenergani,Star Wars: The Last Jedi,7.0,2017
erenergani,Happy Death Day,6.0,2017
erenergani,Kingsman: The Golden Circle,6.0,2017
erenergani,It,6.0,2017
erenergani,Veronica,4.0,2017
erenergani,Pirates of the Caribbean: Dead Men Tell No Tales,8.0,2017
erenergani,Overnight Republic,8.0,2017
erenergani,Baby Driver,7.0,2017
erenergani,John Wick: Chapter 2,8.0,2017
erenergani,Rogue One: A Star Wars Story,8.0,2016
erenergani,La La Land,8.0,2016
erenergani,Deadpool,6.0,2016
erenergani,Star Wars: The Force Awakens,6.0,2015
erenergani,Burnt,8.0,2015
erenergani,The Martian,7.0,2015
erenergani,The Lobster,10.0,2015
erenergani,Furious 7,6.0,2015
erenergani,Focus,8.0,2015
erenergani,Kingsman: The Secret Service,8.0,2014
erenergani,The Hobbit: The Battle of the Five Armies,7.0,2014
erenergani,Annabelle,6.0,2014
erenergani,Gone Girl,7.0,2014
erenergani,John Wick,7.0,2014
erenergani,Unfriended,5.0,2014
erenergani,The Hangover Part III,9.0,2013
erenergani,The Hobbit: An Unexpected Journey,7.0,2012
erenergani,The Amazing Spider-Man,7.0,2012
erenergani,Friends with Benefits,5.0,2011
erenergani,Harry Potter and the Deathly Hallows: Part 2,8.0,2011
erenergani,Kung Fu Panda 2,6.0,2011
erenergani,The Hangover Part II,8.0,2011
erenergani,Fast Five,7.0,2011
erenergani,The Social Network,9.0,2010
erenergani,The Hangover,9.0,2009
erenergani,(500) Days of Summer,7.0,2009
erenergani,Star Wars: The Clone Wars,10.0,2008
erenergani,The Dark Knight,8.0,2008
erenergani,American Gangster,8.0,2007
erenergani,Ocean's Thirteen,7.0,2007
erenergani,Star Wars: Episode III – Revenge of the Sith,10.0,2005
erenergani,Ocean's Twelve,8.0,2004
erenergani,Kill Bill: Vol. 2,8.0,2004
erenergani,Eternal Sunshine of the Spotless Mind,7.0,2004
erenergani,The Lord of the Rings: The Return of the King,8.0,2003
erenergani,Kill Bill: Vol. 1,8.0,2003
erenergani,The Dreamers,8.0,2003
erenergani,Lost in Translation,8.0,2003
erenergani,How to Lose a Guy in 10 Days,8.0,2003
erenergani,The Lord of the Rings: The Two Towers,8.0,2002
erenergani,Catch Me If You Can,8.0,2002
erenergani,The Bourne Identity,6.0,2002
erenergani,Punch-Drunk Love,6.0,2002
erenergani,Star Wars: Episode II – Attack of the Clones,8.0,2002
erenergani,Ocean's Eleven,10.0,2001
erenergani,Snatch,8.0,2000
erenergani,Fight Club,6.0,1999
erenergani,Eyes Wide Shut,9.0,1999
erenergani,Star Wars: Episode I – The Phantom Menace,7.0,1999
erenergani,10 Things I Hate About You,8.0,1999
erenergani,Donnie Brasco,7.0,1997
erenergani,Casino,8.0,1995
erenergani,Die Hard With a Vengeance,8.0,1995
erenergani,Before Sunrise,9.0,1995
erenergani,Léon: The Professional,7.0,1994
erenergani,The Shawshank Redemption,8.0,1994
erenergani,Pulp Fiction,9.0,1994
erenergani,Home Alone 2: Lost in New York,7.0,1992
erenergani,Reservoir Dogs,10.0,1992
erenergani,Edward Scissorhands,6.0,1990
erenergani,GoodFellas,9.0,1990
erenergani,Die Hard 2,6.0,1990
erenergani,When Harry Met Sally...,6.0,1989
erenergani,Die Hard,7.0,1988
erenergani,Return of the Jedi,9.0,1983
erenergani,The Blues Brothers,5.0,1980
erenergani,The Empire Strikes Back,9.0,1980
erenergani,Star Wars,8.0,1977
erenergani,Taxi Driver,7.0,1976
erenergani,The Godfather,9.0,1972
erenergani,A Clockwork Orange,9.0,1971
hatice031,Barbie,10.0,2023
hatice031,Soul,10.0,2020
hatice031,Mortal World 2,10.0,2023
hatice031,Spider-Man: Across the Spider-Verse,10.0,2023
hatice031,Everything Everywhere All at Once,10.0,2022
hatice031,Spider-Man: No Way Home,10.0,2021
hatice031,Parasite,10.0,2019
hatice031,Ready Player One,10.0,2018
hatice031,The Greatest Showman,10.0,2017
hatice031,Dune: Part Two,10.0,2024
hatice031,Inside Out 2,10.0,2024
hatice031,Nosferatu,7.0,2024
hatice031,Anora,8.0,2024
hatice031,Memories of Murder,8.0,2003
hatice031,Emilia Pérez,7.0,2024
hatice031,The Lighthouse,6.0,2019
hatice031,Conclave,9.0,2024
hatice031,Oldboy,6.0,2003
hatice031,Mickey 17,9.0,2025
hatice031,Sinners,8.0,2025
hatice031,Thunderbolts*,6.0,2025
hatice031,The Martian,6.0,2015
hatice031,Superman,5.0,2025
hatice031,Final Destination Bloodlines,7.0,2025
hatice031,Dead Poets Society,8.0,1989
hatice031,Primal Fear,5.0,1996
hatice031,The Conjuring: Last Rites,5.0,2025
hatice031,Materialists,4.0,2025
hatice031,The Exorcist,6.0,1973
hatice031,How to Train Your Dragon,7.0,2025
hatice031,Honey Don't!,4.0,2025
hatice031,Together,5.0,2025
hatice031,One Battle After Another,9.0,2025
hatice031,The House,7.0,2022
hatice031,TRON: Ares,5.0,2025
hatice031,The Notebook,6.0,2004
hatice031,Monster: The Ed Gein Story,6.0,2025
hatice031,Bugonia,6.0,2025
hatice031,Frankenstein,8.0,2025
hatice031,The Black Phone,7.0,2021
hatice031,Caddo Lake,5.0,2024
hatice031,The Killing of a Sacred Deer,5.0,2017
hatice031,Superbad,8.0,2007
hatice031,Wicked: For Good,6.0,2025
hatice031,Palm Springs,6.0,2020
hatice031,The Handmaiden,8.0,2016
hatice031,Notting Hill,5.0,1999
hatice031,21 Jump Street,8.0,2012
hatice031,The Fantastic 4: First Steps,4.0,2025
hatice031,Wake Up Dead Man,7.0,2025
hatice031,Avatar: Fire and Ash,8.0,2025
hatice031,Stranger Things 5: The Finale,4.0,2025
hatice031,Mulholland Drive,6.0,2001
hatice031,Marty Supreme,7.0,2025
hatice031,Forgetting Sarah Marshall,6.0,2008
hatice031,Die Hard,7.0,1988
hatice031,Akira,7.0,1988
hatice031,Die My Love,5.0,2025
hatice031,People We Meet on Vacation,6.0,2026
hatice031,The Secret Agent,6.0,2025
hatice031,The Imitation Game,8.0,2014
hatice031,F1,8.0,2025
hatice031,Hamnet,8.0,2025
hatice031,I Swear,8.0,2025
hatice031,The Bride!,8.0,2026
hatice031,Project Hail Mary,8.0,2026
hatice031,Soyut Dışavurumcu Bir Dostluğun Anatomisi Veyahut Yan Yana,8.0,2025
hatice031,The Drama,5.0,2026
hatice031,Paprika,6.0,2006
hatice031,The Drama,5.0,2026
hatice031,Project Hail Mary,8.0,2026
hatice031,The Bride!,8.0,2026
hatice031,People We Meet on Vacation,6.0,2026
hatice031,Stranger Things 5: The Finale,4.0,2025
hatice031,Avatar: Fire and Ash,8.0,2025
hatice031,Soyut Dışavurumcu Bir Dostluğun Anatomisi Veyahut Yan Yana,8.0,2025
hatice031,Wicked: For Good,6.0,2025
hatice031,Marty Supreme,7.0,2025
hatice031,TRON: Ares,5.0,2025
hatice031,Monster: The Ed Gein Story,6.0,2025
hatice031,One Battle After Another,9.0,2025
hatice031,I Swear,8.0,2025
hatice031,Wake Up Dead Man,7.0,2025
hatice031,The Conjuring: Last Rites,5.0,2025
hatice031,Frankenstein,8.0,2025
hatice031,Hamnet,8.0,2025
hatice031,Bugonia,6.0,2025
hatice031,The Fantastic 4: First Steps,4.0,2025
hatice031,Superman,5.0,2025
hatice031,F1,8.0,2025
hatice031,Materialists,4.0,2025
hatice031,How to Train Your Dragon,7.0,2025
hatice031,Honey Don't!,4.0,2025
hatice031,The Secret Agent,6.0,2025
hatice031,Die My Love,5.0,2025
hatice031,Final Destination Bloodlines,7.0,2025
hatice031,Thunderbolts*,6.0,2025
hatice031,Sinners,8.0,2025
hatice031,Mickey 17,9.0,2025
hatice031,Together,5.0,2025
hatice031,Nosferatu,7.0,2024
hatice031,Caddo Lake,5.0,2024
hatice031,Conclave,9.0,2024
hatice031,Inside Out 2,10.0,2024
hatice031,Anora,8.0,2024
hatice031,Emilia Pérez,7.0,2024
hatice031,Dune: Part Two,10.0,2024
hatice031,Mortal World 2,10.0,2023
helinoner,Black Swan,10.0,2010
helinoner,Persona,10.0,2018
helinoner,Mortal World,10.0,2018
helinoner,Parasite,10.0,2019
helinoner,Pan's Labyrinth,8.0,2006
helinoner,Inside Out,6.0,2015
helinoner,Spring Breakers,1.0,2012
helinoner,War for the Planet of the Apes,7.0,2017
helinoner,Squid Game,8.0,2021
helinoner,Zootopia,8.0,2016
helinoner,Ratatouille,10.0,2007
helinoner,The Dark Knight,10.0,2008
helinoner,What Happened to Monday,6.0,2017
helinoner,The Notebook,8.0,2004
helinoner,Neşeli Günler,10.0,1978
helinoner,Bridget Jones's Diary,8.0,2001
helinoner,Bridget Jones: The Edge of Reason,7.0,2004
helinoner,Bridget Jones's Baby,7.0,2016
helinoner,Up,9.0,2009
helinoner,The Prestige,8.0,2006
helinoner,G.O.R.A.,10.0,2004
helinoner,Forrest Gump,9.0,1994
helinoner,The Greatest Showman,6.0,2017
helinoner,The Hangover,8.0,2009
helinoner,The Hangover Part III,6.0,2013
helinoner,The Hangover Part II,6.0,2011
helinoner,Pirates of the Caribbean: Dead Men Tell No Tales,6.0,2017
helinoner,Dead Poets Society,10.0,1989
helinoner,Red Sparrow,4.0,2018
helinoner,You've Got Murder,6.0,2019
helinoner,Leyla Everlasting,1.0,2020
helinoner,The Mountain II,6.0,2016
helinoner,Adrift,5.0,2018
helinoner,Sour Apples,6.0,2016
helinoner,A Long Story,8.0,2012
helinoner,Destiny,3.0,2019
helinoner,The Invisible Guest,8.0,2016
helinoner,Call Me by Your Name,10.0,2017
helinoner,Bird Box,6.0,2018
helinoner,Gone Girl,10.0,2014
helinoner,The Wizard of Oz,8.0,1939
helinoner,Dark Phoenix,5.0,2019
helinoner,The Crow,9.0,1994
helinoner,Stuck Apart,2.0,2021
helinoner,The Pencil,1.0,2012
helinoner,Gone with the Wind,9.0,1939
helinoner,The Occupant,5.0,2020
helinoner,Strike the Whore,6.0,1973
helinoner,Network,9.0,1976
helinoner,The Night Of,9.0,2016
helinoner,Baby Driver,4.0,2017
helinoner,Serial Cook,8.0,2017
helinoner,In a Heartbeat,8.0,2017
helinoner,Titane,9.0,2021
helinoner,Where's Firuze?,8.0,2004
helinoner,Operation Cicero,3.0,2019
helinoner,Muslum,5.0,2018
helinoner,Miracle in Cell No. 7,5.0,2019
helinoner,CM101MMXI Fundamentals,10.0,2013
helinoner,Cem Yılmaz: Diamond Elite Platinum Plus,5.0,2021
helinoner,House of Gucci,4.0,2021
helinoner,Something Useful,10.0,2017
helinoner,Ivy,9.0,2015
helinoner,The Grand Budapest Hotel,10.0,2014
helinoner,The Impossible,6.0,2012
helinoner,The Holiday,8.0,2006
helinoner,Ember,4.0,2016
helinoner,The Tinder Swindler,6.0,2022
helinoner,Parallel Mothers,6.0,2021
helinoner,Uncut Gems,10.0,2019
helinoner,Moana,8.0,2016
helinoner,Ramy Youssef: In Love,10.0,2026
helinoner,Project Hail Mary,6.0,2026
helinoner,The Drama,6.0,2026
helinoner,Salvation,6.0,2026
helinoner,Yellow Letters,7.0,2026
helinoner,21 Jump Street,7.0,2012
helinoner,The Penguin,10.0,2024
helinoner,Die My Love,6.0,2025
helinoner,BLUE EYE SAMURAI,10.0,2023
helinoner,Sentimental Value,7.0,2025
helinoner,Kill Bill: Vol. 1,10.0,2003
helinoner,Fresh,8.0,2022
helinoner,Bugonia,6.0,2025
helinoner,Armand,4.0,2024
helinoner,And The Rest Will Follow,9.0,2025
helinoner,Alpha,8.0,2025
helinoner,Scary Movie,2.0,2000
helinoner,EO,8.0,2022
helinoner,The Empire Strikes Back,9.0,1980
helinoner,Return of the Jedi,8.0,1983
helinoner,Psycho Therapy: The Shallow Tale of a Writer Who Decided to Write About a Serial Killer,5.0,2024
helinoner,My Neighbor Totoro,10.0,1988
helinoner,Howl's Moving Castle,10.0,2004
helinoner,Speak No Evil,4.0,2022
helinoner,Mickey 17,5.0,2025
helinoner,Climax,7.0,2018
helinoner,Weapons,8.0,2025
helinoner,Lords of Chaos,5.0,2018
helinoner,Together,7.0,2025
helinoner,Shiva Baby,8.0,2020
helinoner,One of Those Days When Hemme Dies,10.0,2024
helinoner,Private Life,8.0,2018
helinoner,Materialists,4.0,2025
helinoner,Superbad,6.0,2007
helinoner,A Short Film About Killing,10.0,1988
helinoner,Inside Out 2,7.0,2024
helinoner,La Haine,10.0,1995
helinoner,A Real Pain,7.0,2024
helinoner,Adolescence,8.0,2025
helinoner,Poor Things,7.0,2023
helinoner,Anora,4.0,2024
helinoner,Blink Twice,4.0,2024
helinoner,Eternal Sunshine of the Spotless Mind,9.0,2004
helinoner,Puss in Boots: The Last Wish,8.0,2022
helinoner,WolfCop,4.0,2014
helinoner,When Harry Met Sally...,6.0,1989
helinoner,Longlegs,4.0,2024
helinoner,The Substance,6.0,2024
helinoner,Critters 2,4.0,1988
helinoner,Critters,5.0,1986
helinoner,Citizen Toxie: The Toxic Avenger IV,7.0,2000
helinoner,RRR,4.0,2022
helinoner,Borat: Cultural Learnings of America for Make Benefit Glorious Nation of Kazakhstan,8.0,2006
helinoner,The Perks of Being a Wallflower,8.0,2012
helinoner,The Evil Dead,6.0,1981
helinoner,Pink Flamingos,8.0,1972
helinoner,I Care a Lot,1.0,2020
helinoner,Afire,7.0,2023
helinoner,Immaculate,6.0,2024
helinoner,Arda Turan: Confrontation,2.0,2024
helinoner,Aftersun,10.0,2022
helinoner,Honey Boy,9.0,2019
helinoner,Baby Reindeer,8.0,2024
helinoner,Do Not Expect Too Much from the End of the World,9.0,2023
helinoner,Pet Shop Days,8.0,2023
helinoner,8x8,7.0,2023
helinoner,Animal,4.0,2023
helinoner,Explanation for Everything,7.0,2023
helinoner,The Two Popes,8.0,2019
helinoner,A Round of Applause,4.0,2024
helinoner,Force Majeure,8.0,2014
helinoner,The Zone of Interest,10.0,2023
ipekcoban,The Drama,4.0,2026
ipekcoban,Project Hail Mary,8.0,2026
ipekcoban,The Bride!,7.0,2026
ipekcoban,Soyut Dışavurumcu Bir Dostluğun Anatomisi Veyahut Yan Yana,9.0,2025
ipekcoban,I Swear,7.0,2025
ipekcoban,Frankenstein,9.0,2025
ipekcoban,Hamnet,8.0,2025
ipekcoban,Wall to Wall,4.0,2025
ipekcoban,Mickey 17,6.0,2025
ipekcoban,Cassandra,6.0,2025
ipekcoban,Wicked,8.0,2024
ipekcoban,Trap,3.0,2024
ipekcoban,The Substance,10.0,2024
ipekcoban,Rap World,10.0,2024
ipekcoban,Challengers,8.0,2024
ipekcoban,Dune: Part Two,10.0,2024
ipekcoban,Anyone But You,4.0,2023
ipekcoban,Poor Things,7.0,2023
ipekcoban,Saltburn,8.0,2023
ipekcoban,Mask Girl,9.0,2023
ipekcoban,Celebrity,9.0,2023
ipekcoban,Beau Is Afraid,8.0,2023
ipekcoban,Smile,7.0,2022
ipekcoban,Pearl,7.0,2022
ipekcoban,Bones and All,7.0,2022
ipekcoban,Barbarian,8.0,2022
ipekcoban,The Batman,4.0,2022
ipekcoban,Don't Look Up,4.0,2021
ipekcoban,The Worst Person in the World,5.0,2021
ipekcoban,Cruella,8.0,2021
ipekcoban,The Queen's Gambit,8.0,2020
ipekcoban,Soul,10.0,2020
ipekcoban,Palm Springs,8.0,2020
ipekcoban,Recep Ivedik 6,10.0,2019
ipekcoban,Ready or Not,6.0,2019
ipekcoban,Parasite,9.0,2019
ipekcoban,Isle of Dogs,8.0,2018
ipekcoban,Hereditary,8.0,2018
ipekcoban,The Greatest Showman,10.0,2017
ipekcoban,Forgotten,10.0,2017
ipekcoban,"I, Tonya",7.0,2017
ipekcoban,mother!,8.0,2017
ipekcoban,Lady Bird,8.0,2017
ipekcoban,Bridget Jones's Baby,7.0,2016
ipekcoban,Nocturnal Animals,5.0,2016
ipekcoban,The Love Witch,7.0,2016
ipekcoban,The Big Short,1.0,2015
ipekcoban,Demolition,7.0,2015
ipekcoban,The Lobster,9.0,2015
ipekcoban,Nightcrawler,9.0,2014
ipekcoban,I Believe in Unicorns,10.0,2014
ipekcoban,I Origins,6.0,2014
ipekcoban,Her,10.0,2013
ipekcoban,Hotel Transylvania,8.0,2012
ipekcoban,The Perks of Being a Wallflower,8.0,2012
ipekcoban,Celeste & Jesse Forever,6.0,2012
ipekcoban,Her,10.0,2013
ipekcoban,Shutter Island,10.0,2010
ipekcoban,The Matrix,10.0,1999
ipekcoban,10 Things I Hate About You,8.0,1999
ipekcoban,The Perks of Being a Wallflower,8.0,2012
ipekcoban,The Lobster,9.0,2015
ipekcoban,Celebrity,9.0,2023
ipekcoban,Saltburn,8.0,2023
ipekcoban,Parasite,9.0,2019
ipekcoban,Black Swan,9.0,2010
ipekcoban,Soul,10.0,2020
ipekcoban,Tangled,9.0,2010
ipekcoban,The Big Short,1.0,2015
ipekcoban,"Crazy, Stupid, Love.",9.0,2011
ipekcoban,The 40 Year Old Virgin,8.0,2005
ipekcoban,Anchorman: The Legend of Ron Burgundy,8.0,2004
ipekcoban,The Truman Show,10.0,1998
ipekcoban,The Mask,9.0,1994
ipekcoban,Recep Ivedik,10.0,2008
ipekcoban,Recep Ivedik 6,10.0,2019
ipekcoban,Dune: Part Two,10.0,2024
ipekcoban,I Believe in Unicorns,10.0,2014
ipekcoban,The Love Witch,7.0,2016
ipekcoban,The Batman,4.0,2022
ipekcoban,Hamnet,8.0,2025
ipekcoban,Forgotten,10.0,2017
ipekcoban,I Origins,6.0,2014
ipekcoban,Cassandra,6.0,2025
ipekcoban,Wicked,8.0,2024
ipekcoban,Elf,6.0,2003
ipekcoban,50 First Dates,6.0,2004
ipekcoban,mother!,8.0,2017
ipekcoban,Soyut Dışavurumcu Bir Dostluğun Anatomisi Veyahut Yan Yana,9.0,2025
ipekcoban,Don't Look Up,4.0,2021
ipekcoban,Hereditary,8.0,2018
ipekcoban,Eternal Sunshine of the Spotless Mind,8.0,2004
ipekcoban,The Notebook,8.0,2004
ipekcoban,(500) Days of Summer,8.0,2009
ipekcoban,The Substance,10.0,2024
ipekcoban,Forrest Gump,7.0,1994
ipekcoban,Challengers,8.0,2024
ipekcoban,Donnie Darko,8.0,2001
ipekcoban,Nightcrawler,9.0,2014
ipekcoban,Nocturnal Animals,5.0,2016
ipekcoban,Love & Other Drugs,8.0,2010
ipekcoban,Demolition,7.0,2015
ipekcoban,Lady Bird,8.0,2017
ipekcoban,Requiem for a Dream,8.0,2000
ipekcoban,Coraline,10.0,2009
ipekcoban,Anyone But You,4.0,2023
ipekcoban,"I, Tonya",7.0,2017
ipekcoban,She's the Man,8.0,2006
ipekcoban,Poor Things,7.0,2023
ipekcoban,Pearl,7.0,2022
ipekcoban,Cruella,8.0,2021
ipekcoban,Léon: The Professional,6.0,1994
ipekcoban,The Queen's Gambit,8.0,2020
ipekcoban,Wall to Wall,4.0,2025
ipekcoban,Clueless,7.0,1995
ipekcoban,Mean Girls,8.0,2004
ipekcoban,Possession,6.0,1981
ipekcoban,White Chicks,10.0,2004
ipekcoban,Bones and All,7.0,2022
ipekcoban,The Devil's Advocate,10.0,1997
ipekcoban,Smile,7.0,2022
ipekcoban,13 Going on 30,7.0,2004
ipekcoban,Bridget Jones's Diary,7.0,2001
ipekcoban,Bridget Jones: The Edge of Reason,7.0,2004
ipekcoban,Bridget Jones's Baby,7.0,2016
ipekcoban,Cloudy with a Chance of Meatballs,8.0,2009
ipekcoban,Palm Springs,8.0,2020
ipekcoban,Hotel Transylvania,8.0,2012
kurstboy,Minotaur,9.0,2026
kurstboy,The Samurai and the Prisoner,7.0,2026
kurstboy,Iron Boy,7.0,2026
kurstboy,The Unknown,9.0,2026
kurstboy,Fjord,8.0,2026
kurstboy,Too Many Beasts,7.0,2026
kurstboy,Hope,4.0,2026
kurstboy,Paper Tiger,8.0,2026
kurstboy,Club Kid,9.0,2026
kurstboy,All of a Sudden,8.0,2026
kurstboy,Gentle Monster,5.0,2026
kurstboy,Fatherland,5.0,2026
kurstboy,Teenage Sex and Death at Camp Miasma,7.0,2026
kurstboy,Michael,4.0,2026
kurstboy,Mother Mary,7.0,2026
kurstboy,Faces of Death,8.0,2026
kurstboy,The Super Mario Galaxy Movie,3.0,2026
kurstboy,The Drama,8.0,2026
kurstboy,Pizza Movie,6.0,2026
kurstboy,Project Hail Mary,7.0,2026
kurstboy,The Bride!,5.0,2026
kurstboy,Hoppers,8.0,2026
kurstboy,Crime 101,6.0,2026
kurstboy,Wuthering Heights,4.0,2026
kurstboy,Once Upon a Time in Harlem,8.0,2026
kurstboy,The Moment,7.0,2026
kurstboy,28 Years Later: The Bone Temple,8.0,2026
kurstboy,The Rip,5.0,2026
kurstboy,Avatar: Fire and Ash,6.0,2025
kurstboy,Children No More: Were and Are Gone,6.0,2025
kurstboy,Zootopia 2,7.0,2025
kurstboy,Keeper,3.0,2025
kurstboy,Wicked: For Good,5.0,2025
kurstboy,The Running Man,7.0,2025
kurstboy,Song Sung Blue,5.0,2025
kurstboy,Butcher's Stain,5.0,2025
kurstboy,Mr. Scorsese,7.0,2025
kurstboy,Is This Thing On?,7.0,2025
kurstboy,Marty Supreme,10.0,2025
kurstboy,HIM,4.0,2025
kurstboy,Fuck My Son!,3.0,2025
kurstboy,Dust Bunny,4.0,2025
kurstboy,One Battle After Another,10.0,2025
kurstboy,The Long Walk,5.0,2025
kurstboy,The Balloonists,7.0,2025
kurstboy,Roofman,7.0,2025
kurstboy,Rental Family,6.0,2025
kurstboy,Wake Up Dead Man,7.0,2025
kurstboy,The Lost Bus,6.0,2025
kurstboy,Steve,6.0,2025
kurstboy,The Voice of Hind Rajab,8.0,2025
kurstboy,A House of Dynamite,5.0,2025
kurstboy,Dead Man's Wire,8.0,2025
kurstboy,The Smashing Machine,8.0,2025
kurstboy,The Testament of Ann Lee,7.0,2025
kurstboy,All the Empty Rooms,6.0,2025
kurstboy,Father Mother Sister Brother,6.0,2025
kurstboy,Frankenstein,8.0,2025
kurstboy,Hamnet,7.0,2025
kurstboy,After the Hunt,4.0,2025
kurstboy,No Other Choice,9.0,2025
kurstboy,Ballad of a Small Player,5.0,2025
kurstboy,Bugonia,7.0,2025
kurstboy,Jay Kelly,8.0,2025
kurstboy,Fantastic Mr. Fox,10.0,2009
kurstboy,Whiplash,10.0,2014
kurstboy,Moonlight,10.0,2016
kurstboy,Rango,7.0,2011
kurstboy,Kung Fu Panda,8.0,2008
kurstboy,The 400 Blows,10.0,1959
kurstboy,Men in Black,7.0,1997
kurstboy,Passengers,3.0,2016
kurstboy,Arrival,9.0,2016
kurstboy,Zootopia,9.0,2016
kurstboy,It,7.0,2017
kurstboy,Lady Bird,10.0,2017
kurstboy,Raiders of the Lost Ark,10.0,1981
kurstboy,Olaf's Frozen Adventure,2.0,2017
kurstboy,The Life Aquatic with Steve Zissou,9.0,2004
kurstboy,The Room,2.0,2003
kurstboy,Moana,7.0,2016
kurstboy,Star Wars,9.0,1977
kurstboy,Shaun of the Dead,9.0,2004
kurstboy,The Sound of Music,4.0,1965
kurstboy,Split,6.0,2016
kurstboy,Scott Pilgrim vs. the World,8.0,2010
kurstboy,Wonder,4.0,2017
kurstboy,"I, Tonya",8.0,2017
kurstboy,Lars and the Real Girl,8.0,2007
kurstboy,American Beauty,10.0,1999
kurstboy,mother!,6.0,2017
kurstboy,Straight Outta Compton,7.0,2015
kurstboy,The Silence of the Lambs,10.0,1991
kurstboy,Manchester by the Sea,7.0,2016
kurstboy,The Incredibles,10.0,2004
kurstboy,Paddington 2,9.0,2017
kurstboy,Frances Ha,9.0,2012
kurstboy,Moon,5.0,2009
kurstboy,Thelma & Louise,8.0,1991
kurstboy,The Post,8.0,2017
kurstboy,Lou,8.0,2017
kurstboy,Do the Right Thing,10.0,1989
kurstboy,Creep 2,8.0,2017
kurstboy,Annihilation,8.0,2018
kurstboy,Memento,9.0,2000
kurstboy,Coherence,8.0,2013
kurstboy,Three Colours: Blue,9.0,1993
kurstboy,One Flew Over the Cuckoo's Nest,9.0,1975
kurstboy,The Revenant,8.0,2015
kurstboy,The Hateful Eight,7.0,2015
kurstboy,The Big Short,5.0,2015
kurstboy,The Good Dinosaur,7.0,2015
kurstboy,Room,9.0,2015
kurstboy,Fantastic Four,1.0,2015
kurstboy,Ant-Man,6.0,2015
kurstboy,Jurassic World,7.0,2015
kurstboy,The Lobster,9.0,2015
kurstboy,Dope,6.0,2015
kurstboy,The Interview,4.0,2014
kurstboy,Paddington,7.0,2014
kurstboy,Big Hero 6,7.0,2014
kurstboy,Nightcrawler,9.0,2014
kurstboy,Birdman or (The Unexpected Virtue of Ignorance),8.0,2014
kurstboy,22 Jump Street,8.0,2014
kurstboy,Maleficent,1.0,2014
kurstboy,Foxcatcher,5.0,2014
kurstboy,Chef,6.0,2014
kurstboy,The Lego Movie,10.0,2014
kurstboy,Boyhood,8.0,2014
kurstboy,The Babadook,9.0,2014
kurstboy,Frank,7.0,2014
kurstboy,Frozen,4.0,2013
kurstboy,Captain Phillips,6.0,2013
kurstboy,Gravity,5.0,2013
kurstboy,Despicable Me 2,2.0,2013
schaffrillas,Rock of Ages,6.0,2012
schaffrillas,Animal Farm,2.0,2025
schaffrillas,White Chicks,6.0,2004
schaffrillas,Blazing Saddles,8.0,1974
schaffrillas,Amoeba,7.0,2025
schaffrillas,The True Beauty of Being Bitten by a Tick,5.0,2025
schaffrillas,Lemonade Blessing,8.0,2025
schaffrillas,The Match-Stick Flame 3: Red Mafia,10.0,2026
schaffrillas,Pizza Man,3.0,2011
schaffrillas,The People vs. George Lucas,2.0,2010
schaffrillas,Pizza Movie,7.0,2026
schaffrillas,Cade: The Tortured Crossing,10.0,2023
schaffrillas,The Super Mario Galaxy Movie,5.0,2026
schaffrillas,Escaflowne: The Movie,7.0,2000
schaffrillas,The Super Mario Bros. Movie,6.0,2023
schaffrillas,Spaghettiman,2.0,2016
schaffrillas,Carry-On,7.0,2024
schaffrillas,The Adam Project,4.0,2022
schaffrillas,The Adventures of Sharkboy and Lavagirl,6.0,2005
schaffrillas,Project Hail Mary,8.0,2026
schaffrillas,That Moment: Magnolia Diary,7.0,2000
schaffrillas,Terror at Blood Fart Lake,10.0,2009
schaffrillas,Red Notice,2.0,2021
schaffrillas,Mr. Nobody Against Putin,7.0,2025
schaffrillas,Bird Box,4.0,2018
schaffrillas,Back in Action,6.0,2025
schaffrillas,Leave the World Behind,4.0,2023
schaffrillas,Casper: A Spirited Beginning,3.0,1997
schaffrillas,Pass Thru,2.0,2016
schaffrillas,How to Succeed in Business Without Really Trying,8.0,1967
schaffrillas,Hoppers,8.0,2026
schaffrillas,The Gray Man,2.0,2022
schaffrillas,Damsel,2.0,2024
schaffrillas,Fateful Findings,2.0,2013
schaffrillas,Perfectly a Strangeness,5.0,2024
schaffrillas,Armed Only with a Camera: The Life and Death of Brent Renaud,7.0,2025
schaffrillas,The Devil Is Busy,7.0,2024
schaffrillas,All the Empty Rooms,7.0,2025
schaffrillas,The Singers,6.0,2025
schaffrillas,Butcher's Stain,5.0,2025
schaffrillas,Two People Exchanging Saliva,8.0,2024
schaffrillas,A Friend of Dorothy,7.0,2025
schaffrillas,Come See Me in the Good Light,7.0,2025
schaffrillas,Taylor Tomlinson: Prodigal Daughter,8.0,2026
schaffrillas,The Alabama Solution,8.0,2025
schaffrillas,Merrily We Roll Along,8.0,2025
schaffrillas,The Perfect Neighbor,8.0,2025
schaffrillas,Nothing But Trouble,7.0,1991
schaffrillas,I Am Here....Now,2.0,2009
schaffrillas,Éiru,7.0,2025
schaffrillas,The Three Sisters,6.0,2024
schaffrillas,Retirement Plan,7.0,2024
schaffrillas,Butterfly,10.0,2024
schaffrillas,The Girl Who Cried Pearls,9.0,2025
schaffrillas,Forevergreen,6.0,2025
schaffrillas,28 Years Later: The Bone Temple,9.0,2026
schaffrillas,Nirvanna the Band the Show the Movie,9.0,2025
schaffrillas,Frozen: The Hit Broadway Musical,4.0,2025
schaffrillas,Jane Austen's Period Drama,8.0,2024
schaffrillas,Wonder Man,8.0,2026
schaffrillas,Space Cop,5.0,2016
schaffrillas,Song Sung Blue,5.0,2025
schaffrillas,The Muppet Show,8.0,2026
schaffrillas,28 Years Later,9.0,2025
schaffrillas,The Plague,8.0,2025
schaffrillas,Night on the Galactic Railroad,7.0,1985
schaffrillas,Arco,8.0,2025
schaffrillas,Cryptozoo,5.0,2021
schaffrillas,The Ballad of Wallis Island,8.0,2025
schaffrillas,The Life of Chuck,7.0,2024
schaffrillas,Sexina: Popstar P.I.,7.0,2007
schaffrillas,Twinless,4.0,2025
schaffrillas,The Super Mario Galaxy Movie,5.0,2026
schaffrillas,Pizza Movie,7.0,2026
schaffrillas,Project Hail Mary,8.0,2026
schaffrillas,The Match-Stick Flame 3: Red Mafia,10.0,2026
schaffrillas,Hoppers,8.0,2026
schaffrillas,Taylor Tomlinson: Prodigal Daughter,8.0,2026
schaffrillas,The Muppet Show,8.0,2026
schaffrillas,Wonder Man,8.0,2026
schaffrillas,28 Years Later: The Bone Temple,9.0,2026
schaffrillas,A Chuck E. Cheese Christmas,6.0,2025
schaffrillas,Zootopia 2,7.0,2025
schaffrillas,Don't Trip,3.0,2025
schaffrillas,Death by Lightning,7.0,2025
schaffrillas,Wicked: For Good,6.0,2025
schaffrillas,Song Sung Blue,5.0,2025
schaffrillas,Butcher's Stain,5.0,2025
schaffrillas,Merrily We Roll Along,8.0,2025
schaffrillas,Is This Thing On?,6.0,2025
schaffrillas,Marty Supreme,10.0,2025
schaffrillas,Chainsaw Man – The Movie: Reze Arc,7.0,2025
schaffrillas,Amoeba,7.0,2025
schaffrillas,The Long Walk,7.0,2025
schaffrillas,One Battle After Another,10.0,2025
schaffrillas,Eternity,9.0,2025
schaffrillas,Rental Family,7.0,2025
schaffrillas,Roofman,9.0,2025
schaffrillas,Wake Up Dead Man,9.0,2025
schaffrillas,All the Empty Rooms,7.0,2025
schaffrillas,Frankenstein,9.0,2025
schaffrillas,No Other Choice,8.0,2025
schaffrillas,Hamnet,7.0,2025
schaffrillas,Megadoc,6.0,2025
schaffrillas,Bugonia,8.0,2025
schaffrillas,Jay Kelly,7.0,2025
schaffrillas,Weapons,8.0,2025
schaffrillas,War of the Worlds,2.0,2025
schaffrillas,The Naked Gun,8.0,2025
schaffrillas,Happy Gilmore 2,3.0,2025
schaffrillas,Sore: A Wife from the Future,9.0,2025
schaffrillas,Smurfs,2.0,2025
schaffrillas,Frozen: The Hit Broadway Musical,4.0,2025
schaffrillas,Superman,7.0,2025
schaffrillas,KPop Demon Hunters,7.0,2025
schaffrillas,28 Years Later,9.0,2025
schaffrillas,F1,5.0,2025
schaffrillas,Elio,6.0,2025
schaffrillas,Animal Farm,2.0,2025
schaffrillas,The Girl Who Cried Pearls,9.0,2025
schaffrillas,Chasing the Party,7.0,2025
schaffrillas,Pinch,7.0,2025
schaffrillas,Lemonade Blessing,8.0,2025
schaffrillas,Lost in Starlight,9.0,2025
schaffrillas,Sentimental Value,9.0,2025
schaffrillas,Little Amélie or the Character of Rain,8.0,2025
schaffrillas,It Was Just an Accident,8.0,2025
schaffrillas,The Secret Agent,7.0,2025
schaffrillas,The Phoenician Scheme,8.0,2025
schaffrillas,Nouvelle Vague,6.0,2025
schaffrillas,The Plague,8.0,2025
schaffrillas,Arco,8.0,2025
schaffrillas,Left-Handed Girl,8.0,2025
schaffrillas,Forevergreen,6.0,2025
schaffrillas,Mission: Impossible – The Final Reckoning,7.0,2025
schaffrillas,A Friend of Dorothy,7.0,2025
schaffrillas,Cinderella's Castle,6.0,2025
schaffrillas,Éiru,7.0,2025
schaffrillas,Sinners,9.0,2025
schaffrillas,A Minecraft Movie,4.0,2025
schaffrillas,Armed Only with a Camera: The Life and Death of Brent Renaud,7.0,2025
schaffrillas,Nirvanna the Band the Show the Movie,9.0,2025
schaffrillas,The Singers,6.0,2025
schaffrillas,Spider-Man: Into the Spider-Verse,10.0,2018
schaffrillas,Roma,8.0,2018
schaffrillas,The Grand Budapest Hotel,10.0,2014
schaffrillas,Ralph Breaks the Internet,3.0,2018
schaffrillas,Bohemian Rhapsody,5.0,2018
schaffrillas,Incredibles 2,6.0,2018
schaffrillas,Get Out,9.0,2017
schaffrillas,The Favourite,9.0,2018
schaffrillas,Eighth Grade,6.0,2018
schaffrillas,Iron Man,6.0,2008
schaffrillas,The Big Sick,9.0,2017
schaffrillas,Captain America: The Winter Soldier,9.0,2014
schaffrillas,10 Cloverfield Lane,7.0,2016
schaffrillas,Moana,9.0,2016
schaffrillas,The Lego Movie,9.0,2014
schaffrillas,The Lego Movie 2: The Second Part,6.0,2019
schaffrillas,The Lego Batman Movie,6.0,2017
schaffrillas,Wreck-It Ralph,8.0,2012
schaffrillas,Avengers: Infinity War,9.0,2018
schaffrillas,Wonder Woman,6.0,2017
schaffrillas,Iron Man 2,4.0,2010
schaffrillas,Black Panther,8.0,2018
schaffrillas,Star Wars,9.0,1977
schaffrillas,The Empire Strikes Back,10.0,1980
schaffrillas,Return of the Jedi,9.0,1983
schaffrillas,Love on a Leash,10.0,2011
schaffrillas,Lady Bird,10.0,2017
schaffrillas,Whiplash,10.0,2014
schaffrillas,Ingrid Goes West,6.0,2017
schaffrillas,La La Land,9.0,2016
schaffrillas,Blade Runner 2049,10.0,2017
schaffrillas,Midnight in Paris,7.0,2011
schaffrillas,Isle of Dogs,6.0,2018
schaffrillas,Fantastic Mr. Fox,9.0,2009
schaffrillas,The Nightmare Before Christmas,7.0,1993
schaffrillas,Donnie Darko,9.0,2001
schaffrillas,Thor: Ragnarok,8.0,2017
schaffrillas,Thor,5.0,2011
schaffrillas,Captain America: The First Avenger,6.0,2011
schaffrillas,Captain America: Civil War,8.0,2016
schaffrillas,Spirited Away,10.0,2001
schaffrillas,The Incredibles,10.0,2004
schaffrillas,Ratatouille,10.0,2007
schaffrillas,Coco,8.0,2017
schaffrillas,The Dark Knight,10.0,2008
schaffrillas,Spider-Man,6.0,2002
schaffrillas,Spider-Man 2,7.0,2004
schaffrillas,The Prince of Egypt,10.0,1998
schaffrillas,Madagascar,6.0,2005
schaffrillas,Captain Underpants: The First Epic Movie,7.0,2017
schaffrillas,Cars 2,2.0,2011
schaffrillas,Frozen,6.0,2013
schaffrillas,"Love, Simon",8.0,2018
schaffrillas,Moonrise Kingdom,8.0,2012
schaffrillas,Boyhood,3.0,2014
schaffrillas,First Man,5.0,2018
schaffrillas,Room,9.0,2015
schaffrillas,The Disaster Artist,6.0,2017
schaffrillas,The Florida Project,8.0,2017
schaffrillas,Mulan,7.0,1998
schaffrillas,Kubo and the Two Strings,6.0,2016
schaffrillas,The Good Dinosaur,3.0,2015
schaffrillas,Fruitvale Station,8.0,2013
schaffrillas,Creed,9.0,2015
schaffrillas,"Monsters, Inc.",9.0,2001
schaffrillas,Mad Max: Fury Road,10.0,2015
schaffrillas,Black Mirror: Bandersnatch,7.0,2018
schaffrillas,Arrival,7.0,2016
schaffrillas,Enemy,7.0,2013
schaffrillas,Phantom Thread,8.0,2017
schaffrillas,Forrest Gump,8.0,1994
schaffrillas,Deadpool,6.0,2016
selinssu52,The Drama,7.0,2026
selinssu52,Project Hail Mary,8.0,2026
selinssu52,Soyut Dışavurumcu Bir Dostluğun Anatomisi Veyahut Yan Yana,7.0,2025
selinssu52,One Battle After Another,8.0,2025
selinssu52,I Swear,8.0,2025
selinssu52,Frankenstein,7.0,2025
selinssu52,Sentimental Value,9.0,2025
selinssu52,It Was Just an Accident,7.0,2025
selinssu52,Sirāt,7.0,2025
selinssu52,Adolescence,8.0,2025
selinssu52,Nosferatu,5.0,2024
selinssu52,We Need to Talk About Dilan,7.0,2024
selinssu52,The Substance,8.0,2024
selinssu52,Kinds of Kindness,8.0,2024
selinssu52,Levent is Moving Away,9.0,2024
selinssu52,Carol & the End of the World,8.0,2023
selinssu52,Last Call for Istanbul,6.0,2023
selinssu52,Society of the Snow,7.0,2023
selinssu52,Priscilla,8.0,2023
selinssu52,The Killer,4.0,2023
selinssu52,Poor Things,7.0,2023
selinssu52,Saltburn,7.0,2023
selinssu52,27,8.0,2023
selinssu52,Anatomy of a Fall,7.0,2023
selinssu52,Babylon,8.0,2022
selinssu52,Sick of Myself,7.0,2022
selinssu52,Aftersun,8.0,2022
selinssu52,Triangle of Sadness,7.0,2022
selinssu52,Don't Look Up,6.0,2021
selinssu52,Stiletto,7.0,2021
selinssu52,Vortex,8.0,2021
selinssu52,Cruella,7.0,2021
selinssu52,I Care a Lot,7.0,2020
selinssu52,I'm Thinking of Ending Things,9.0,2020
selinssu52,365 Days,2.0,2020
selinssu52,Joker,7.0,2019
selinssu52,Parasite,9.0,2019
selinssu52,Portrait of a Lady on Fire,9.0,2019
selinssu52,The Dirt,7.0,2019
selinssu52,The Grinch,6.0,2018
selinssu52,Ocean's Eight,7.0,2018
selinssu52,The Wild Pear Tree,8.0,2018
selinssu52,Climax,8.0,2018
selinssu52,Happy Death Day,6.0,2017
selinssu52,The Square,7.0,2017
selinssu52,On Body and Soul,7.0,2017
selinssu52,Call Me by Your Name,8.0,2017
selinssu52,The Edge of Seventeen,6.0,2016
selinssu52,Mr. Right,5.0,2015
selinssu52,Mad Max: Fury Road,6.0,2015
selinssu52,Black Mirror: White Christmas,9.0,2014
selinssu52,But Muzeyyen That's the Deepest Desire,8.0,2014
selinssu52,Gone Girl,8.0,2014
selinssu52,The Imitation Game,8.0,2014
selinssu52,Transcendence,6.0,2014
selinssu52,What We Do in the Shadows,8.0,2014
selinssu52,Whiplash,9.0,2014
selinssu52,The Great Gatsby,8.0,2013
selinssu52,Django Unchained,8.0,2012
selinssu52,The Twilight Saga: Breaking Dawn – Part 2,6.0,2012
selinssu52,The Perks of Being a Wallflower,1.0,2012
selinssu52,The Twilight Saga: Breaking Dawn – Part 1,6.0,2011
selinssu52,Final Destination 5,6.0,2011
selinssu52,We Need to Talk About Kevin,9.0,2011
selinssu52,Detachment,5.0,2011
selinssu52,Losers' Club,4.0,2011
selinssu52,Fig Jam,7.0,2011
selinssu52,Black Swan,9.0,2010
selinssu52,Inception,9.0,2010
selinssu52,The Twilight Saga: Eclipse,6.0,2010
selinssu52,Alice in Wonderland,8.0,2010
selinssu52,Shutter Island,9.0,2010
selinssu52,The Twilight Saga: New Moon,6.0,2009
selinssu52,Jennifer's Body,7.0,2009
selinssu52,Orphan,6.0,2009
selinssu52,Dogtooth,8.0,2009
selinssu52,Coraline,8.0,2009
selinssu52,Twilight,6.0,2008
selinssu52,The Dark Knight,6.0,2008
selinssu52,Mamma Mia!,7.0,2008
selinssu52,I Am Legend,7.0,2007
selinssu52,The Edge of Heaven,10.0,2007
selinssu52,Zodiac,8.0,2007
selinssu52,The Pursuit of Happyness,7.0,2006
selinssu52,Apocalypto,7.0,2006
selinssu52,The Prestige,9.0,2006
selinssu52,Crossing the Bridge: The Sound of Istanbul,9.0,2005
selinssu52,Eva,4.0,2005
selinssu52,İstanbul Tales,6.0,2005
selinssu52,Mysterious Skin,8.0,2004
selinssu52,White Chicks,8.0,2004
selinssu52,The Terminal,7.0,2004
selinssu52,The Notebook,8.0,2004
selinssu52,Mean Girls,8.0,2004
selinssu52,13 Going on 30,7.0,2004
selinssu52,Eternal Sunshine of the Spotless Mind,9.0,2004
selinssu52,Head-On,9.0,2004
selinssu52,Oldboy,9.0,2003
selinssu52,Kill Bill: Vol. 1,8.0,2003
selinssu52,Catch Me If You Can,8.0,2002
selinssu52,The Man Without a Past,6.0,2002
selinssu52,Ocean's Eleven,9.0,2001
selinssu52,Spirited Away,5.0,2001
shearteater,Love At Last,2.0,2026
shearteater,Museum of Innocence,8.0,2026
shearteater,Wuthering Heights,8.0,2026
shearteater,People We Meet on Vacation,8.0,2026
shearteater,The Housemaid,6.0,2025
shearteater,Two Worlds One Wish,5.0,2025
shearteater,Soyut Dışavurumcu Bir Dostluğun Anatomisi Veyahut Yan Yana,8.0,2025
shearteater,Lefter: The Story of the Ordinarius,6.0,2025
shearteater,Taylor Swift | The Official Release Party of a Showgirl,10.0,2025
shearteater,The Map That Leads to You,6.0,2025
shearteater,My Oxford Year,6.0,2025
shearteater,Letters from the Past,4.0,2025
shearteater,Materialists,5.0,2025
shearteater,Aşkın Yüzü,3.0,2025
shearteater,Just a Dream,4.0,2025
shearteater,Cassandra,7.0,2025
shearteater,Companion,10.0,2025
shearteater,Chasing the Wind,4.0,2025
shearteater,Carry-On,6.0,2024
shearteater,At The Bar,6.0,2024
shearteater,0000 Kilometre,2.0,2024
shearteater,A True Gentleman,1.0,2024
shearteater,Monsters: The Lyle and Erik Menendez Story,7.0,2024
shearteater,We Live in Time,6.0,2024
shearteater,It Ends with Us,4.0,2024
shearteater,Despicable Me 4,8.0,2024
shearteater,Dilemma,4.0,2024
shearteater,Inside Out 2,8.0,2024
shearteater,Anora,6.0,2024
shearteater,The Substance,6.0,2024
shearteater,Challengers,6.0,2024
shearteater,The Idea of You,4.0,2024
shearteater,Color of Victory,10.0,2024
shearteater,It's What's Inside,6.0,2024
shearteater,3391 Kilometers,6.0,2024
shearteater,Anyone But You,5.0,2023
shearteater,Inpaintings,6.0,2023
shearteater,Migration,6.0,2023
shearteater,Taylor Swift: The Eras Tour,10.0,2023
shearteater,Barbie,10.0,2023
shearteater,My Fault,3.0,2023
shearteater,Elemental,6.0,2023
shearteater,In Your Dreams,5.0,2023
shearteater,Ghislaine Maxwell: Filthy Rich,2.0,2022
shearteater,Smile,4.0,2022
shearteater,Don't Worry Darling,8.0,2022
shearteater,Doom of Love,6.0,2022
shearteater,Aftersun,8.0,2022
shearteater,The Resistance,4.0,2022
shearteater,Cem Yılmaz: Diamond Elite Platinum Plus,1.0,2021
shearteater,All Too Well: The Short Film,10.0,2021
shearteater,Deeply,6.0,2021
shearteater,The Worst Person in the World,8.0,2021
shearteater,Folklore: The Long Pond Studio Sessions,8.0,2020
shearteater,Soul,10.0,2020
shearteater,Little Fish,9.0,2020
shearteater,After We Collided,1.0,2020
shearteater,Jeffrey Epstein: Filthy Rich,4.0,2020
shearteater,Normal People,6.0,2020
shearteater,If Anything Happens I Love You,6.0,2020
shearteater,All the Bright Places,8.0,2020
shearteater,Toy Story 4,6.0,2019
shearteater,Parasite,6.0,2019
shearteater,Five Feet Apart,8.0,2019
shearteater,Taylor Swift: Reputation Stadium Tour,10.0,2018
shearteater,Ocean's Eight,8.0,2018
shearteater,Truth or Dare,3.0,2018
shearteater,Lady Bird,10.0,2017
shearteater,La La Land,10.0,2016
shearteater,Nekro,3.0,2016
shearteater,Legend,4.0,2015
shearteater,Interstellar,9.0,2014
shearteater,"Love, Rosie",9.0,2014
shearteater,The Amazing Spider-Man 2,8.0,2014
shearteater,A Small September Affair,6.0,2014
shearteater,Whiplash,9.0,2014
shearteater,Before Midnight,6.0,2013
shearteater,The Amazing Spider-Man,10.0,2012
shearteater,The Twilight Saga: Breaking Dawn – Part 1,4.0,2011
shearteater,In Time,6.0,2011
shearteater,"Crazy, Stupid, Love.",7.0,2011
shearteater,Drive,8.0,2011
shearteater,Easy A,6.0,2010
shearteater,Scott Pilgrim vs. the World,7.0,2010
shearteater,Toy Story 3,8.0,2010
shearteater,Valentine's Day,10.0,2010
shearteater,Blue Valentine,8.0,2010
shearteater,He's Just Not That Into You,7.0,2009
shearteater,(500) Days of Summer,8.0,2009
shearteater,Alone,6.0,2008
shearteater,The Dark Knight,8.0,2008
shearteater,Ratatouille,8.0,2007
shearteater,Destiny,5.0,2006
shearteater,The Devil Wears Prada,7.0,2006
shearteater,Candy,8.0,2006
shearteater,Pride & Prejudice,7.0,2005
shearteater,Corpse Bride,10.0,2005
shearteater,The Notebook,8.0,2004
shearteater,Eternal Sunshine of the Spotless Mind,10.0,2004
shearteater,Before Sunset,8.0,2004
shearteater,Kill Bill: Vol. 1,10.0,2003
shearteater,How to Lose a Guy in 10 Days,9.0,2003
shearteater,Notting Hill,6.0,1999
shearteater,La Haine,8.0,1995
shearteater,Before Sunrise,10.0,1995
shearteater,Close-Up,5.0,1990
shearteater,The Fire Within,8.0,1963
siooo,The Devil Wears Prada 2,6.0,2026
siooo,Signs,5.0,2002
siooo,Reality Bites,6.0,1994
siooo,Splitsville,5.0,2025
siooo,Scary Movie,5.0,2000
siooo,Bonjour Tristesse,7.0,2024
siooo,Hokum,7.0,2026
siooo,The Super Mario Galaxy Movie,6.0,2026
siooo,A Tale of Springtime,6.0,1990
siooo,Picnic at Hanging Rock,8.0,1975
siooo,The Last Waltz,10.0,1978
siooo,Michael,5.0,2026
siooo,Mother Mary,3.0,2026
siooo,Lee Cronin's The Mummy,4.0,2026
siooo,"Oh, Hi!",6.0,2025
siooo,Mile End Kicks,6.0,2025
siooo,The Daytrippers,10.0,1996
siooo,Death Becomes Her,8.0,1992
siooo,Faces of Death,6.0,2026
siooo,"You, Me & Tuscany",7.0,2026
siooo,Broadcast News,6.0,1987
siooo,Clerks,8.0,1994
siooo,The Fog,6.0,1980
siooo,The Drama,8.0,2026
siooo,To Die For,7.0,1995
siooo,Brown Sugar,7.0,2002
siooo,Now You See Me,8.0,2013
siooo,Pillion,8.0,2025
siooo,The Strangers: Chapter 3,1.0,2026
siooo,Hunting Matthew Nichols,8.0,2024
siooo,The Invitation,4.0,2015
siooo,Our Fault,2.0,2025
siooo,Beautiful Wedding,1.0,2024
siooo,Interview with the Vampire,6.0,1994
siooo,Coherence,7.0,2013
siooo,Beauty and the Beast,8.0,1978
siooo,Millennium Actress,6.0,2001
siooo,Humanist Vampire Seeking Consenting Suicidal Person,7.0,2023
siooo,Project Hail Mary,10.0,2026
siooo,Ready or Not 2: Here I Come,5.0,2026
siooo,Sick of Myself,7.0,2022
siooo,Dream Scenario,8.0,2023
siooo,Frankenstein,6.0,2025
siooo,Help!,7.0,1965
siooo,Dolly,5.0,2025
siooo,It Was Just an Accident,8.0,2025
siooo,The Secret Agent,7.0,2025
siooo,Network,5.0,1976
siooo,The Bride!,2.0,2026
siooo,Blue Moon,6.0,2025
siooo,Scream 7,6.0,2026
siooo,A Star Is Born,8.0,2018
siooo,Once Upon a Time... in Hollywood,8.0,2019
siooo,Train Dreams,9.0,2025
siooo,Belly,7.0,1998
siooo,Twinless,8.0,2025
siooo,Moonstruck,5.0,1987
siooo,Kill Bill: Vol. 2,10.0,2004
siooo,Kill Bill: Vol. 1,10.0,2003
siooo,Nirvanna the Band the Show the Movie,9.0,2025
siooo,How to Make a Killing,4.0,2026
siooo,Wuthering Heights,7.0,2026
siooo,The Cabin in the Woods,5.0,2011
siooo,The Moment,8.0,2026
siooo,Mysterious Skin,8.0,2004
siooo,Dr. Strangelove or: How I Learned to Stop Worrying and Love the Bomb,9.0,1964
siooo,Wings of Desire,9.0,1987
siooo,Send Help,8.0,2026
siooo,Lolita,5.0,1962
siooo,Spartacus,4.0,1960
siooo,Friday the 13th,4.0,1980
siooo,28 Years Later: The Bone Temple,8.0,2026
siooo,The Devil Wears Prada 2,6.0,2026
siooo,Michael,5.0,2026
siooo,Mother Mary,3.0,2026
siooo,"You, Me & Tuscany",7.0,2026
siooo,Lee Cronin's The Mummy,4.0,2026
siooo,Faces of Death,6.0,2026
siooo,The Super Mario Galaxy Movie,6.0,2026
siooo,The Drama,8.0,2026
siooo,Hokum,7.0,2026
siooo,Ready or Not 2: Here I Come,5.0,2026
siooo,Project Hail Mary,10.0,2026
siooo,The Bride!,2.0,2026
siooo,Scream 7,6.0,2026
siooo,How to Make a Killing,4.0,2026
siooo,The Strangers: Chapter 3,1.0,2026
siooo,Wuthering Heights,7.0,2026
siooo,The Moment,8.0,2026
siooo,Send Help,8.0,2026
siooo,28 Years Later: The Bone Temple,8.0,2026
siooo,People We Meet on Vacation,6.0,2026
siooo,Five Nights at Freddy's 2,2.0,2025
siooo,The Housemaid,5.0,2025
siooo,Avatar: Fire and Ash,4.0,2025
siooo,Wicked: For Good,6.0,2025
siooo,The Running Man,6.0,2025
siooo,The SpongeBob Movie: Search for SquarePants,5.0,2025
siooo,Our Fault,2.0,2025
siooo,Marty Supreme,9.0,2025
siooo,Dolly,5.0,2025
siooo,Black Phone 2,4.0,2025
siooo,Primate,4.0,2025
siooo,HIM,2.0,2025
siooo,The Strangers: Chapter 2,4.0,2025
siooo,One Battle After Another,10.0,2025
siooo,The Long Walk,6.0,2025
siooo,Eternity,7.0,2025
siooo,Wake Up Dead Man,5.0,2025
siooo,Obsession,9.0,2025
siooo,Rental Family,7.0,2025
siooo,Sacrifice,6.0,2025
siooo,Roofman,6.0,2025
siooo,Mile End Kicks,6.0,2025
siooo,Erupcja,8.0,2025
siooo,Dead Man's Wire,8.0,2025
siooo,The Conjuring: Last Rites,4.0,2025
siooo,The Smashing Machine,6.0,2025
siooo,The Testament of Ann Lee,9.0,2025
siooo,Frankenstein,6.0,2025
siooo,Springsteen: Deliver Me from Nowhere,6.0,2025
siooo,After the Hunt,7.0,2025
siooo,No Other Choice,8.0,2025
siooo,Hamnet,10.0,2025
siooo,Jay Kelly,5.0,2025
siooo,Bugonia,7.0,2025
siooo,The Roses,4.0,2025
siooo,Caught Stealing,6.0,2025
siooo,Freakier Friday,7.0,2025
siooo,Weapons,8.0,2025
siooo,The Naked Gun,6.0,2025
siooo,The Fantastic 4: First Steps,6.0,2025
siooo,I Know What You Did Last Summer,6.0,2025
siooo,M3GAN 2.0,5.0,2025
siooo,Superman,7.0,2025
siooo,KPop Demon Hunters,7.0,2025
siooo,28 Years Later,7.0,2025
siooo,Jurassic World Rebirth,5.0,2025
siooo,F1,7.0,2025
siooo,Materialists,10.0,2025
siooo,How to Train Your Dragon,7.0,2025
siooo,Honey Don't!,4.0,2025
siooo,Interstellar,8.0,2014
siooo,Parasite,10.0,2019
siooo,Fight Club,8.0,1999
siooo,Barbie,8.0,2023
siooo,Sinners,8.0,2025
siooo,La La Land,10.0,2016
siooo,Whiplash,10.0,2014
siooo,The Truman Show,8.0,1998
siooo,Pulp Fiction,9.0,1994
siooo,Everything Everywhere All at Once,8.0,2022
siooo,Dead Poets Society,10.0,1989
siooo,Oppenheimer,8.0,2023
siooo,Eternal Sunshine of the Spotless Mind,10.0,2004
siooo,The Substance,8.0,2024
siooo,Get Out,10.0,2017
siooo,Dune,10.0,2021
siooo,10 Things I Hate About You,10.0,1999
siooo,Spider-Man: Into the Spider-Verse,10.0,2018
siooo,The Dark Knight,8.0,2008
siooo,Joker,6.0,2019
siooo,Inception,9.0,2010
siooo,Midsommar,10.0,2019
siooo,American Psycho,9.0,2000
siooo,Knives Out,8.0,2019
siooo,The Wolf of Wall Street,10.0,2013
siooo,Spirited Away,10.0,2001
siooo,Se7en,9.0,1995
siooo,Dune: Part Two,10.0,2024
siooo,Spider-Man: Across the Spider-Verse,10.0,2023
siooo,Superman,7.0,2025
siooo,Forrest Gump,7.0,1994
siooo,The Grand Budapest Hotel,8.0,2014
siooo,Marty Supreme,9.0,2025
siooo,Black Swan,10.0,2010
siooo,Project Hail Mary,10.0,2026
siooo,Inglourious Basterds,8.0,2009
siooo,Kill Bill: Vol. 1,10.0,2003
siooo,The Perks of Being a Wallflower,8.0,2012
siooo,The Silence of the Lambs,9.0,1991
siooo,Challengers,10.0,2024
siooo,The Shining,9.0,1980
siooo,(500) Days of Summer,8.0,2009
siooo,Weapons,8.0,2025
siooo,Lady Bird,10.0,2017
siooo,Saltburn,9.0,2023
siooo,Call Me by Your Name,10.0,2017
siooo,One Battle After Another,10.0,2025
siooo,Nosferatu,9.0,2024
siooo,Little Women,10.0,2019
siooo,Poor Things,8.0,2023
siooo,The Godfather,9.0,1972
siooo,Gone Girl,10.0,2014
siooo,Frankenstein,6.0,2025
siooo,The Devil Wears Prada,8.0,2006
siooo,Fantastic Mr. Fox,10.0,2009
siooo,Spider-Man: No Way Home,7.0,2021
siooo,The Menu,6.0,2022
siooo,Once Upon a Time... in Hollywood,8.0,2019
siooo,Wicked,8.0,2024
siooo,Anora,10.0,2024
siooo,Avengers: Infinity War,8.0,2018
siooo,Avengers: Endgame,6.0,2019
siooo,The Lord of the Rings: The Fellowship of the Ring,10.0,2001
siooo,Mean Girls,6.0,2004
siooo,The Matrix,4.0,1999
siooo,Baby Driver,8.0,2017
siooo,Taxi Driver,10.0,1976
siooo,Titanic,7.0,1997
siooo,Coraline,10.0,2009
siooo,Little Miss Sunshine,8.0,2006
starstruck780,Run Lola Run,6.0,1998
starstruck780,Victoria,5.0,2015
starstruck780,Vacations in Prostokvashino,6.0,1980
starstruck780,Top Gun: Maverick,6.0,2022
starstruck780,The Sheep Detectives,8.0,2026
starstruck780,The River Wild,4.0,1994
starstruck780,The Devil Wears Prada 2,8.0,2026
starstruck780,Apex,1.0,2026
starstruck780,Nick of Time,6.0,1995
starstruck780,Sleepy Hollow,6.0,1999
starstruck780,Midsommar,4.0,2019
starstruck780,"Paris, Texas",8.0,1984
starstruck780,Anatomy of a Fall,7.0,2023
starstruck780,Cheburashka Goes to School,6.0,1983
starstruck780,Cheburashka,6.0,1971
starstruck780,Whiplash,10.0,2014
starstruck780,Dog Day Afternoon,10.0,1975
starstruck780,Hot Summer Nights,5.0,2017
starstruck780,Uncut Gems,7.0,2019
starstruck780,The Drama,8.0,2026
starstruck780,Remember Me,4.0,2010
starstruck780,Fall,2.0,2022
starstruck780,The Lighthouse,7.0,2019
starstruck780,Unknown Subscriber,2.0,2019
starstruck780,Bedknobs and Broomsticks,4.0,1971
starstruck780,The 7th Voyage of Sinbad,5.0,1958
starstruck780,The Adventures of Buratino,5.0,1976
starstruck780,The NeverEnding Story,5.0,1984
starstruck780,Sinners,8.0,2025
starstruck780,The Hand That Rocks the Cradle,2.0,2025
starstruck780,MaXXXine,4.0,2024
starstruck780,Final Destination 3,4.0,2006
starstruck780,The Florida Project,8.0,2017
starstruck780,Final Destination 2,4.0,2003
starstruck780,Forbidden Fruits,7.0,2026
starstruck780,Crime 101,6.0,2026
starstruck780,Ready or Not 2: Here I Come,8.0,2026
starstruck780,Drop,2.0,2025
starstruck780,Wuthering Heights,4.0,2026
starstruck780,Bravo Virtuoso,5.0,2016
starstruck780,Anora,2.0,2024
starstruck780,Project Hail Mary,10.0,2026
starstruck780,Smile,4.0,2022
starstruck780,Peaky Blinders: The Immortal Man,8.0,2026
starstruck780,Eden Lake,4.0,2008
starstruck780,Dunkirk,6.0,2017
starstruck780,Heat,6.0,1995
starstruck780,Golden Bull Calf,10.0,1955
starstruck780,In Bruges,6.0,2008
starstruck780,Modern Times,10.0,1936
starstruck780,The Housemaid,4.0,2025
starstruck780,It Follows,4.0,2014
starstruck780,Watcher,6.0,2022
starstruck780,Society of the Snow,6.0,2023
starstruck780,Blended,6.0,2014
starstruck780,The Beguiled,2.0,1971
starstruck780,Escape from Alcatraz,6.0,1979
starstruck780,Pitch Perfect,7.0,2012
starstruck780,The Departed,6.0,2006
starstruck780,Scarface,6.0,1983
starstruck780,12 Chairs,6.0,1971
starstruck780,Magic Lavash,6.0,1973
starstruck780,Грибок-теремок,6.0,1958
starstruck780,Found Dream,6.0,1976
starstruck780,Mrs. Doubtfire,6.0,1993
starstruck780,Nacho Libre,8.0,2006
starstruck780,Dead Poets Society,10.0,1989
starstruck780,"Red, White & Royal Blue",5.0,2023
starstruck780,The Godfather Part II,6.0,1974
starstruck780,The Hangover Part II,6.0,2011
starstruck780,Our Yard 2,6.0,1998
starstruck780,The Mummy Returns,6.0,2001
starstruck780,Interstellar,10.0,2014
starstruck780,Parasite,8.0,2019
starstruck780,Fight Club,6.0,1999
starstruck780,Barbie,7.0,2023
starstruck780,Sinners,8.0,2025
starstruck780,La La Land,10.0,2016
starstruck780,Whiplash,10.0,2014
starstruck780,The Truman Show,10.0,1998
starstruck780,Dead Poets Society,10.0,1989
starstruck780,Oppenheimer,7.0,2023
starstruck780,Eternal Sunshine of the Spotless Mind,10.0,2004
starstruck780,Get Out,8.0,2017
starstruck780,Dune,10.0,2021
starstruck780,10 Things I Hate About You,10.0,1999
starstruck780,The Dark Knight,10.0,2008
starstruck780,Joker,2.0,2019
starstruck780,Inception,7.0,2010
starstruck780,Midsommar,4.0,2019
starstruck780,American Psycho,5.0,2000
starstruck780,Knives Out,6.0,2019
starstruck780,The Wolf of Wall Street,4.0,2013
starstruck780,Spirited Away,10.0,2001
starstruck780,Dune: Part Two,10.0,2024
starstruck780,Forrest Gump,6.0,1994
starstruck780,The Grand Budapest Hotel,6.0,2014
starstruck780,Good Will Hunting,10.0,1997
starstruck780,Marty Supreme,8.0,2025
starstruck780,Black Swan,10.0,2010
starstruck780,Project Hail Mary,10.0,2026
starstruck780,Inglourious Basterds,5.0,2009
starstruck780,Kill Bill: Vol. 1,8.0,2003
starstruck780,The Perks of Being a Wallflower,8.0,2012
starstruck780,The Silence of the Lambs,8.0,1991
starstruck780,Challengers,7.0,2024
starstruck780,(500) Days of Summer,6.0,2009
starstruck780,Lady Bird,10.0,2017
starstruck780,Saltburn,6.0,2023
starstruck780,Shutter Island,10.0,2010
starstruck780,Call Me by Your Name,7.0,2017
starstruck780,One Battle After Another,4.0,2025
starstruck780,Little Women,10.0,2019
starstruck780,The Godfather,6.0,1972
starstruck780,Frankenstein,6.0,2025
starstruck780,Ratatouille,10.0,2007
starstruck780,The Devil Wears Prada,10.0,2006
starstruck780,The Menu,8.0,2022
starstruck780,Anora,2.0,2024
starstruck780,Django Unchained,6.0,2012
starstruck780,Avengers: Infinity War,5.0,2018
starstruck780,The Shawshank Redemption,10.0,1994
starstruck780,Avengers: Endgame,4.0,2019
starstruck780,The Lord of the Rings: The Fellowship of the Ring,10.0,2001
starstruck780,Mean Girls,10.0,2004
starstruck780,The Matrix,4.0,1999
starstruck780,Baby Driver,6.0,2017
starstruck780,Taxi Driver,4.0,1976
starstruck780,Titanic,6.0,1997
starstruck780,Coraline,8.0,2009
starstruck780,Little Miss Sunshine,2.0,2006
starstruck780,The Hunger Games,10.0,2012
starstruck780,The Notebook,8.0,2004
starstruck780,Scott Pilgrim vs. the World,6.0,2010
starstruck780,Harry Potter and the Prisoner of Azkaban,6.0,2004
starstruck780,Harry Potter and the Philosopher's Stone,5.0,2001
starstruck780,Coco,8.0,2017
starstruck780,Inside Out,6.0,2015
starstruck780,Back to the Future,10.0,1985
starstruck780,Arrival,10.0,2016
starstruck780,Pride & Prejudice,6.0,2005
starstruck780,Avatar,6.0,2009
starstruck780,Wake Up Dead Man,8.0,2025
starstruck780,Guardians of the Galaxy,4.0,2014
starstruck780,Apex,1.0,2026
starstruck780,The Devil Wears Prada 2,8.0,2026
starstruck780,The Sheep Detectives,8.0,2026
starstruck780,The Drama,8.0,2026
starstruck780,Forbidden Fruits,7.0,2026
starstruck780,Ready or Not 2: Here I Come,8.0,2026
starstruck780,Project Hail Mary,10.0,2026
starstruck780,Peaky Blinders: The Immortal Man,8.0,2026
starstruck780,Crime 101,6.0,2026
starstruck780,Wuthering Heights,4.0,2026
starstruck780,Send Help,8.0,2026
starstruck780,Stranger Things 5: The Finale,4.0,2025
starstruck780,The Housemaid,4.0,2025
starstruck780,Now You See Me: Now You Don't,5.0,2025
starstruck780,The Hand That Rocks the Cradle,2.0,2025
starstruck780,Marty Supreme,8.0,2025
starstruck780,One Battle After Another,4.0,2025
starstruck780,The Long Walk,2.0,2025
starstruck780,Rental Family,7.0,2025
starstruck780,Wake Up Dead Man,8.0,2025
starstruck780,Dead Man's Wire,6.0,2025
starstruck780,A House of Dynamite,2.0,2025
starstruck780,Frankenstein,6.0,2025
starstruck780,Bugonia,4.0,2025
starstruck780,Caught Stealing,6.0,2025
starstruck780,Materialists,4.0,2025
starstruck780,Sentimental Value,8.0,2025
starstruck780,Die My Love,4.0,2025
starstruck780,Urchin,7.0,2025
starstruck780,Sinners,8.0,2025
starstruck780,Drop,2.0,2025
starstruck780,The Gorge,2.0,2025
starstruck780,My Fault: London,6.0,2025
starstruck780,"Sorry, Baby",8.0,2025
starstruck780,Rebuilding,8.0,2025
starstruck780,The Ballad of Wallis Island,8.0,2025
starstruck780,Companion,4.0,2025
starstruck780,Cunk on Life,4.0,2024
starstruck780,Mr. Plankton,4.0,2024
starstruck780,Monsters: The Lyle and Erik Menendez Story,6.0,2024
starstruck780,Babygirl,1.0,2024
starstruck780,The Crow,2.0,2024
starstruck780,Blink Twice,4.0,2024
starstruck780,It Ends with Us,3.0,2024
starstruck780,Trap,2.0,2024
starstruck780,Twisters,4.0,2024
starstruck780,A Quiet Place: Day One,3.0,2024
starstruck780,MaXXXine,4.0,2024
starstruck780,Ultraman: Rising,6.0,2024
starstruck780,Look Back,8.0,2024
starstruck780,Anora,2.0,2024
starstruck780,Baby Reindeer,6.0,2024
starstruck780,The Tearsmith,1.0,2024
starstruck780,Challengers,7.0,2024
starstruck780,The Idea of You,4.0,2024
starstruck780,The Fall Guy,6.0,2024
starstruck780,Damsel,4.0,2024
starstruck780,One Day,7.0,2024
starstruck780,Upgraded,5.0,2024
starstruck780,Dune: Part Two,10.0,2024
starstruck780,The Boys in the Boat,4.0,2023
starstruck780,Anyone But You,2.0,2023
starstruck780,Wonka,6.0,2023
starstruck780,Leave the World Behind,2.0,2023
starstruck780,The Other Zoey,6.0,2023
starstruck780,Taylor Swift: The Eras Tour,8.0,2023
starstruck780,Society of the Snow,6.0,2023
starstruck780,Hit Man,2.0,2023
starstruck780,Priscilla,6.0,2023
starstruck780,All of Us Strangers,7.0,2023
ttotoro,Star Wars: The Mandalorian and Grogu,6.0,2026
ttotoro,Teenage Sex and Death at Camp Miasma,7.0,2026
ttotoro,The Devil Wears Prada 2,8.0,2026
ttotoro,Michael,7.0,2026
ttotoro,Mother Mary,8.0,2026
ttotoro,Lee Cronin's The Mummy,5.0,2026
ttotoro,Faces of Death,4.0,2026
ttotoro,The Drama,8.0,2026
ttotoro,Forbidden Fruits,6.0,2026
ttotoro,Hokum,6.0,2026
ttotoro,Pretty Lethal,5.0,2026
ttotoro,Pizza Movie,7.0,2026
ttotoro,Ready or Not 2: Here I Come,7.0,2026
ttotoro,Project Hail Mary,9.0,2026
ttotoro,The Bride!,6.0,2026
ttotoro,Hoppers,7.0,2026
ttotoro,Iron Lung,5.0,2026
ttotoro,Josephine,8.0,2026
ttotoro,The Moment,6.0,2026
ttotoro,I Want Your Sex (2026)I Want Your Sex,6.0,2026
ttotoro,Send Help,7.0,2026
ttotoro,28 Years Later: The Bone Temple,8.0,2026
ttotoro,People We Meet on Vacation,6.0,2026
ttotoro,Stranger Things 5: The Finale,6.0,2025
ttotoro,Ella McCay,3.0,2025
ttotoro,Five Nights at Freddy's 2,2.0,2025
ttotoro,The Housemaid,2.0,2025
ttotoro,Keeper,4.0,2025
ttotoro,Wicked: For Good,6.0,2025
ttotoro,The Running Man,6.0,2025
ttotoro,Now You See Me: Now You Don't,5.0,2025
ttotoro,Song Sung Blue,4.0,2025
ttotoro,Is This Thing On?,7.0,2025
ttotoro,Marty Supreme,7.0,2025
ttotoro,Anemone,5.0,2025
ttotoro,Whistle,4.0,2025
ttotoro,Black Phone 2,3.0,2025
ttotoro,Primate,4.0,2025
ttotoro,HIM,6.0,2025
ttotoro,One Battle After Another,9.0,2025
ttotoro,The Long Walk,7.0,2025
ttotoro,Eternity,7.0,2025
ttotoro,Obsession,8.0,2025
ttotoro,100 Nights of Hero,5.0,2025
ttotoro,Rental Family,6.0,2025
ttotoro,Christy,4.0,2025
ttotoro,The Conjuring: Last Rites,4.0,2025
ttotoro,The Smashing Machine,6.0,2025
ttotoro,Frankenstein,7.0,2025
ttotoro,No Other Choice,9.0,2025
ttotoro,Hamnet,9.0,2025
ttotoro,Springsteen: Deliver Me from Nowhere,5.0,2025
ttotoro,After the Hunt,5.0,2025
ttotoro,Jay Kelly,7.0,2025
ttotoro,Bugonia,6.0,2025
ttotoro,The Roses,5.0,2025
ttotoro,Vicious,3.0,2025
ttotoro,Weapons,8.0,2025
ttotoro,My Oxford Year,2.0,2025
ttotoro,undertone,6.0,2025
ttotoro,The Fantastic 4: First Steps,8.0,2025
ttotoro,KPop Demon Hunters,6.0,2025
ttotoro,Superman,8.0,2025
ttotoro,28 Years Later,7.0,2025
ttotoro,Jurassic World Rebirth,5.0,2025
ttotoro,F1,6.0,2025
ttotoro,Animal Farm,2.0,2025
ttotoro,Tow,6.0,2025
ttotoro,Materialists,5.0,2025
ttotoro,The Killing of a Sacred Deer,8.0,2017
ttotoro,Do the Right Thing,10.0,1989
ttotoro,Dr. Strangelove or: How I Learned to Stop Worrying and Love the Bomb,10.0,1964
ttotoro,Greener Grass,6.0,2019
ttotoro,Asteroid City,10.0,2023
ttotoro,Fantastic Mr. Fox,8.0,2009
ttotoro,I Used to Be Funny,6.0,2023
ttotoro,Uglies,2.0,2024
ttotoro,Little Miss Sunshine,10.0,2006
ttotoro,The Breakfast Club,10.0,1985
ttotoro,The Love Witch,6.0,2016
ttotoro,I Saw the TV Glow,7.0,2024
ttotoro,"As Above, So Below",5.0,2014
ttotoro,Clue,10.0,1985
ttotoro,Miller's Girl,4.0,2024
ttotoro,12 Angry Men,10.0,1957
ttotoro,Mothers' Instinct,6.0,2024
ttotoro,The Royal Tenenbaums,9.0,2001
ttotoro,Inglourious Basterds,10.0,2009
ttotoro,Grey Gardens,9.0,1975
ttotoro,May,6.0,2002
ttotoro,Roman Holiday,10.0,1953
ttotoro,The Apprentice,7.0,2024
ttotoro,The Silence of the Lambs,8.0,1991
ttotoro,The Wizard of Oz,10.0,1939
ttotoro,May December,6.0,2023
ttotoro,Vivarium,5.0,2019
ttotoro,Eraserhead,6.0,1977
ttotoro,Dogtooth,8.0,2009
ttotoro,Thanksgiving,5.0,2023
ttotoro,"Paris, Texas",8.0,1984
ttotoro,The Grand Budapest Hotel,9.0,2014
ttotoro,Psycho,8.0,1960
ttotoro,Megan Is Missing,1.0,2011
ttotoro,Purple Hearts,1.0,2022
ttotoro,28 Days Later,6.0,2002
ttotoro,28 Weeks Later,4.0,2007
ttotoro,What Ever Happened to Baby Jane?,10.0,1962
ttotoro,Secretary,7.0,2002
ttotoro,Kraven the Hunter,5.0,2024
ttotoro,Amadeus,10.0,1984
ttotoro,Perfect Blue,8.0,1997
ttotoro,Rosemary's Baby,8.0,1968
ttotoro,The Holdovers,10.0,2023
ttotoro,Dallas Buyers Club,7.0,2013
ttotoro,Carol,8.0,2015
ttotoro,Smile 2,6.0,2024
ttotoro,The Children's Hour,8.0,1961
ttotoro,Lars and the Real Girl,7.0,2007
ttotoro,Lola,2.0,2024
ttotoro,Terrifier 3,4.0,2024
ttotoro,Labyrinth,10.0,1986
ttotoro,The First Omen,8.0,2024
ttotoro,Terrifier,2.0,2016
ttotoro,Whiplash,10.0,2014
ttotoro,The Handmaiden,9.0,2016
ttotoro,Possession,9.0,1981
ttotoro,Nightbitch,6.0,2024
ttotoro,Maria,7.0,2024
ttotoro,Trainspotting,7.0,1996
ttotoro,The Zone of Interest,9.0,2023
ttotoro,High and Low,9.0,1963
ttotoro,Palo Alto,6.0,2013
ttotoro,Maestro,7.0,2023
ttotoro,It Ends with Us,4.0,2024
ttotoro,The House That Jack Built,6.0,2018
ttotoro,The Bling Ring,4.0,2013
ttotoro,The King's Speech,6.0,2010
ttotoro,Swallow,6.0,2019
ttotoro,In a Violent Nature,4.0,2024
